IPO_Name,Issue_Size,QIB,HNI,RII,Total,Issue_Price,Listing_Gain_Pct,IPO_Quality_Score,Score_Category,Positive_Listing,Strong_Listing
Paras Defence and Space Technologies Limited,170.78,169.65,927.7,112.81,304.26,175,171.43,0.6026132540354451,Strong,1,1
Latent View Analytics,600.0,145.48,850.66,119.44,326.49,197,169.04,0.583208249337595,Strong,1,1
Apollo Micro Systems Ltd,156.0,101.93,958.07,40.19,248.51,275,73.82,0.5798649302419884,Strong,1,1
Vibhor Steel Tubes Limited,72.17,178.73,721.34,188.17,298.86,151,178.81,0.5772728896704499,Strong,1,1
Tega Industries Limited,619.23,215.45,666.19,29.44,219.04,453,66.23,0.5096792930463089,Strong,1,1
Mazagon Dock Shipbuilders Ltd,443.69,89.71,678.88,35.63,157.41,145,49.14,0.4947857259026691,Strong,1,1
MTAR Technologies Limited,596.41,164.99,650.79,28.4,200.79,575,85.03,0.4945805310153564,Strong,1,1
Indo Farm Equipment Limited,260.15,242.4,503.83,104.92,229.68,215,20.19,0.491946284183238,Strong,1,1
Denta Water & Infrastructure Limited,220.5,236.94,507.27,90.56,221.68,294,12.24,0.49118524798099583,Strong,1,0
Mrs Bectors Food Specialities Ltd,540.54,176.85,620.86,29.33,198.02,288,73.96,0.4903193193447679,Strong,1,1
Capacit'e Infraprojects Ltd,400.0,131.32,638.05,17.57,183.03,250,59.6,0.48979664171861664,Strong,1,1
Manba Finance Limited,150.84,148.55,511.62,143.95,224.05,120,25.0,0.4825604673069693,Strong,1,1
Astron Paper & Board Mill Ltd,69.83,103.36,396.99,77.93,243.29,50,128.0,0.4765579439529194,Strong,1,1
Central Depository Services Ltd,523.99,148.71,563.03,23.83,170.16,149,67.79,0.4687148629260079,Strong,1,1
KRN Heat Exchanger and Refrigeration Limited,341.95,253.04,431.63,98.29,214.42,220,113.64,0.4673258401432746,Strong,1,1
Gala Precision Engineering Limited,167.93,232.54,414.62,91.95,201.41,529,41.78,0.4647389002196881,Strong,1,1
Tatva Chintan Pharma Chem Limited,500.0,185.23,512.22,35.35,180.36,1083,95.0,0.4624445582071459,Strong,1,1
Amber Enterprises India Ltd,599.57,174.99,519.26,11.65,165.42,859,37.37,0.46054110403491616,Strong,1,1
Stallion India Fluorochem Limited,199.45,172.93,422.42,96.89,188.37,90,33.33,0.448442710934225,Strong,1,1
Chemcon Speciality Chemicals Ltd,318.0,113.54,449.14,41.21,149.33,340,114.99,0.4336400357415588,Strong,1,1
C.E. Info Systems Limited (MapmyIndia),1039.61,196.36,424.69,15.2,154.71,1033,53.05,0.42933210104270814,Strong,1,1
Ujjivan Small Finance Bank Ltd,745.95,110.72,473.0,49.09,165.69,37,56.76,0.4282623903621873,Strong,1,1
Standard Glass Lining Technology Limited,410.05,331.6,268.5,64.99,183.18,140,25.71,0.42775331280375334,Strong,1,1
Mamata Machinery Limited,179.35,235.88,274.38,138.08,194.95,243,146.91,0.4250616439527115,Strong,1,1
Unimech Aerospace and Manufacturing Limited,500.0,317.63,263.78,56.74,175.31,785,89.94,0.4187162373551713,Strong,1,1
MAS Financial Services Ltd,460.04,148.33,378.53,15.97,128.39,459,43.79,0.418289359444854,Strong,1,1
Advanced Enzyme Technologies Ltd,411.49,94.03,393.1,11.67,116.02,896,35.04,0.4160230818656195,Strong,1,1
Orient Technologies Limited,214.76,189.9,300.6,66.87,151.71,206,40.78,0.407783468587549,Strong,1,1
Nazara Technologies Limited,582.69,103.77,389.89,75.29,175.46,1101,79.02,0.407633437004644,Strong,1,1
Saraswati Saree Depot Limited,160.01,64.12,358.65,61.88,107.52,160,25.0,0.4061622689878339,Strong,1,1
Plaza Wires Limited,71.28,42.84,388.09,374.81,160.97,54,55.56,0.4035696410721518,Strong,1,1
Rolex Rings Limited,731.1,143.58,360.11,24.49,130.44,900,38.78,0.40235392824902805,Strong,1,1
Dixon Technologies (India) Ltd,599.28,134.66,345.61,10.6,117.83,1766,54.3,0.4023339577451715,Strong,1,1
Indian Railway Catering and Tourism Corporation Ltd,637.97,108.79,354.52,14.94,111.95,320,101.25,0.4001068223118867,Strong,1,1
Quess Corp Ltd,400.0,59.03,392.21,34.08,144.5,317,57.41,0.3988478548197362,Strong,1,1
Shyam Metalics and Energy Limited,908.55,155.71,339.98,11.58,121.4,306,19.93,0.3987130113431892,Strong,1,1
DQ Entertainment (International) Limited,128.16,93.86,272.88,19.45,86.33,80,68.75,0.39831566055121836,Strong,1,1
Easy Trip Planners Limited,510.0,77.53,382.21,70.4,159.33,187,10.16,0.39701228032082975,Strong,1,0
Housing & Urban Development Corporation Ltd,1209.78,55.45,330.36,10.79,79.53,60,22.42,0.39459629444100286,Strong,1,1
GNG Electronics Limited,460.44,266.21,227.67,46.84,147.93,237,47.68,0.391819304585228,Strong,1,1
Mukka Proteins Ltd ,224.0,189.28,250.38,58.52,136.99,28,57.14,0.38863063098571665,Strong,1,1
Sharda Cropchem Ltd,351.86,32.06,251.35,5.85,59.97,156,62.88,0.3874833145396089,Strong,1,1
Quadrant Future Tek Limited,290.0,132.54,254.71,246.94,186.66,290,28.97,0.38452785967489356,Strong,1,1
Motisons Jewellers Limited,151.09,157.4,233.91,122.28,159.61,55,88.91,0.38401761315725924,Strong,1,1
Restaurant Brands Asia Ltd,810.0,86.64,354.11,68.15,156.65,60,92.25,0.38326689909027134,Strong,1,1
BLS E-Services Limited,309.29,123.3,300.14,237.0,162.47,135,128.89,0.3817623439980793,Strong,1,1
Gravita India Ltd,45.0,6.04,182.52,37.34,42.88,125,75.0,0.3808534938892964,Strong,1,1
Happiest Minds Technologies Ltd,702.02,77.43,351.46,70.94,150.98,166,111.45,0.3807766623891579,Strong,1,1
Unicommerce eSolutions Limited,276.57,138.75,252.48,131.15,168.39,108,112.96,0.38072126516421284,Strong,1,1
Data Patterns (India) Limited,588.22,190.86,254.22,23.14,119.62,585,47.69,0.3803378585952344,Strong,1,1
GNA Axles Ltd,130.41,17.18,217.47,11.84,54.88,207,20.05,0.37608776963996227,Strong,1,1
Cochin Shipyard Ltd,1442.01,63.52,288.87,8.51,76.19,432,0.69,0.3759131516510771,Strong,1,0
Indigo Paints Limited,1169.12,189.57,263.05,15.93,117.02,1490,75.0,0.3751370376497459,Strong,1,1
Vraj Iron & Steel Limited,171.0,163.9,208.81,54.93,119.04,207,15.94,0.3691494195968776,Strong,1,1
Wonderla Holidays Ltd,181.25,16.71,159.04,7.55,38.06,125,31.8,0.3685218290367557,Strong,1,1
Heranba Industries Limited,625.24,67.45,271.15,11.84,83.29,627,43.54,0.36818153543645177,Strong,1,1
VRL Logistics Ltd,467.88,58.22,250.86,7.92,74.26,205,40.49,0.36794958610857004,Strong,1,1
Emmbi Industries Limited,38.96,0.43,5.55,0.46,1.2,45,1.11,0.3678229246461233,Strong,1,0
Avenue Supermarts Ltd (DMart),1870.0,144.62,277.74,7.51,104.59,299,102.14,0.36714415543621826,Strong,1,1
Rossari Biotech Ltd,496.25,85.26,239.83,7.23,79.37,425,57.65,0.36563383726059756,Strong,1,1
Shree Tirupati Balajee Agro Trading Company Limited,169.65,150.87,210.12,73.22,124.75,83,11.93,0.36502773131168903,Strong,1,0
Laxmi Organic Industries Limited,600.0,175.43,217.62,20.06,106.79,130,20.15,0.36376047876129924,Strong,1,1
Godrej Agrovet Ltd,1157.31,150.96,236.04,7.67,95.41,460,35.0,0.3622361116093516,Strong,1,1
Prostarm Info Systems Limited,168.0,104.49,222.14,39.49,97.2,105,19.05,0.36162501690683785,Strong,1,1
Borana Weaves Limited,144.89,87.21,237.42,200.53,148.78,216,12.5,0.36035695089676284,Strong,1,0
Thyrocare Technologies Ltd,479.21,73.18,225.3,8.73,73.55,446,48.43,0.3588795185894166,Strong,1,1
Rainbow Children’s Medicare Limited,1580.85,38.9,1.37,0.7,5.25,542,-6.64,0.3588582775935184,Strong,0,0
Snowman Logistics Ltd,197.4,16.98,221.79,41.26,59.75,47,59.57,0.358300476514486,Strong,1,1
HDFC Asset Management Company Ltd,2800.33,192.26,195.15,6.73,83.06,1100,58.09,0.3562913182130437,Strong,1,1
Nova Agritech Limited,143.81,79.31,224.08,77.12,109.37,41,36.59,0.35050707721366053,Strong,1,1
Go Fashion (India) Limited,1013.61,100.73,262.08,49.7,135.46,690,90.72,0.3488164967300222,Strong,1,1
SRM Contractors Ltd ,130.2,59.59,214.94,46.97,86.57,210,7.14,0.34862733057220396,Strong,1,0
S Chand & Company Ltd,728.6,44.27,204.65,6.07,59.49,670,5.52,0.347490132468991,Strong,1,0
Diffusion Engineers Limited,157.96,95.74,207.6,85.61,114.49,168,11.9,0.3467833991902546,Strong,1,0
Sea TV Network Ltd,50.2,1.66,40.94,7.45,9.58,100,20.0,0.34637208290848764,Strong,1,1
Rites Ltd,460.51,71.72,194.56,15.74,67.24,185,2.7,0.34598840321854274,Strong,1,0
Northern ARC Capital Limited,777.0,240.79,142.41,31.08,110.91,263,33.46,0.3457343883062732,Strong,1,1
Gujarat Pipavav Port Limited,553.85,13.2,85.7,9.15,19.94,46,22.28,0.34482006360404405,Strong,1,1
Future Consumer Ltd,750.0,0.26,7.81,0.61,1.52,10,-5.0,0.344799201585472,Strong,0,0
Nippon Life India Asset Management Ltd,1542.24,118.4,209.44,5.65,81.54,252,16.67,0.34339358300183015,Strong,1,1
Route Mobile Ltd,600.0,89.76,192.81,12.67,73.3,350,102.29,0.34203244256775606,Strong,1,1
Power Mech Projects Ltd,273.22,27.53,133.22,3.42,38.12,640,-6.25,0.34042759188435734,Strong,0,0
RBL Bank Ltd,1212.97,85.08,198.06,5.7,69.62,225,21.64,0.3392274113385563,Strong,1,1
Mahanagar Gas Ltd,1038.88,72.84,191.61,6.82,64.54,421,28.27,0.3385061993085594,Strong,1,1
Arkade Developers Limited,410.0,163.16,163.02,51.39,106.83,128,37.42,0.3377621811885926,Strong,1,1
Tarsons Products,1023.47,115.77,184.58,10.56,77.49,662,5.74,0.33670239657400025,Strong,1,0
Interarch Building Products Limited,600.29,205.41,128.42,19.11,93.53,900,43.47,0.3365999270235553,Strong,1,1
Aeroflex Industries Limited,351.0,194.73,126.13,34.41,97.11,108,82.78,0.33642188635030557,Strong,1,1
Texmo Pipes and Products Limited,45.0,1.02,30.5,7.26,7.48,90,12.78,0.33319268818323794,Strong,1,0
Platinum Industries Ltd ,235.32,151.0,141.83,50.99,99.03,171,33.33,0.33230651768275477,Strong,1,1
Enviro Infra Engineers Limited,650.3,157.05,153.8,24.48,89.9,148,47.3,0.3315733159548254,Strong,1,1
Delhivery Limited,5235.0,2.66,0.27,0.31,0.39,487,1.23,0.33135577861510684,Strong,1,0
Sigachi Industries Limited,125.43,86.51,172.43,80.49,101.91,163,252.76,0.3307334189545835,Strong,1,1
G R Infraprojects Limited,962.33,75.4,165.03,7.69,59.1,837,103.11,0.3301657226404928,Strong,1,1
ARSS Infrastructure Projects Limited,103.0,49.34,124.53,18.55,47.62,450,42.22,0.3301439564736339,Strong,1,1
Technofab Engineers Limited,71.66,4.28,48.85,10.03,12.78,240,10.42,0.32854366402596186,Strong,1,0
SRS Ltd,203.0,0.75,5.11,0.32,1.25,58,-5.17,0.3282443296349627,Strong,0,0
Ratnaveer Precision Limited,165.03,133.05,135.21,54.01,93.99,98,30.61,0.3278584337057656,Strong,1,1
Shanti Gold International Ltd,360.11,117.33,151.48,30.37,81.17,199,15.13,0.326634136166333,Strong,1,1
Aether Industries,808.04,17.57,1.33,0.59,2.91,642,9.99,0.32635932881095464,Strong,1,0
Acutaas Chemicals Limited,569.64,86.64,154.81,13.36,64.54,610,47.87,0.32597575454637767,Strong,1,1
Globe Civil Projects Limited,119.0,99.76,143.15,53.72,86.04,71,28.31,0.325430284881565,Strong,1,1
Vishnu Prakash R P Limited,308.61,171.69,111.03,32.02,87.82,99,64.95,0.32473722125000837,Strong,1,1
Syrma SGS Technologies,840.13,87.56,7.13,2.84,15.59,220,19.09,0.32470732297627375,Strong,1,1
Shah Metacorp Ltd,54.67,1.54,33.44,8.0,8.59,71,7.89,0.32453850446627786,Strong,1,0
Sanstar Limited,510.55,145.68,136.5,24.23,82.99,95,12.0,0.32450860537363313,Strong,1,0
Affle (India) Ltd,459.0,55.31,198.69,10.96,86.49,745,24.82,0.32347360699593497,Strong,1,1
Ujjivan Financial Services Ltd,882.5,33.84,135.45,4.02,40.68,210,8.1,0.322358364882613,Strong,1,0
BSE Ltd (Bombay Stock Exchange),1243.43,48.64,159.03,6.48,51.22,806,34.62,0.32179849117392434,Strong,1,1
Syngene International Ltd,550.0,51.47,90.24,4.78,32.05,250,18.0,0.3217067715197186,Strong,1,1
Netweb Technologies India Limited,631.0,228.91,81.81,19.15,90.36,500,88.5,0.3215852078810794,Strong,1,1
Persistent Systems Limited,168.01,144.43,107.73,21.69,93.6,310,29.03,0.3205546880693295,Strong,1,1
Exicom Tele-Systems Ltd ,429.0,121.8,153.22,119.59,129.54,142,85.92,0.3203584289550524,Strong,1,1
Team Lease Services Ltd,423.68,26.97,185.24,10.62,66.02,850,1.18,0.31895491014821237,Strong,1,0
Midfield Industries Limited,59.85,1.86,48.41,13.51,12.92,133,19.85,0.3186175537488771,Strong,1,1
Devyani International Limited,1838.0,95.27,213.06,39.52,116.71,90,56.67,0.3177723509654291,Strong,1,1
Alkem Laboratories Ltd,1347.76,57.19,129.96,3.17,44.29,1050,31.43,0.31745342840876944,Strong,1,1
Campus Activewear (India) Limited,1399.6,152.04,10.68,4.73,28.55,292,21.58,0.3171856846132255,Strong,1,1
Neogen Chemicals Ltd,132.35,30.49,113.88,16.06,41.18,215,16.74,0.3165810366304277,Strong,1,1
AU Small Finance Bank Ltd,1912.51,78.77,143.51,3.52,53.6,358,46.65,0.31633103472693963,Strong,1,1
Dilip Buildcon Ltd,653.98,9.76,79.64,2.35,20.95,219,9.59,0.31535750325646006,Strong,1,0
Man Infraconstruction Limited,141.75,96.06,104.57,10.26,62.53,252,32.94,0.3153181296720613,Strong,1,1
Endurance Technologies Ltd,1161.73,53.43,127.07,2.69,43.84,472,20.76,0.3148557424344044,Strong,1,1
Harsha Engineers,755.0,178.26,40.36,12.44,47.19,330,34.55,0.31383207106564215,Strong,1,1
Multi Commodity Exchange of India Ltd,663.31,49.12,150.35,24.14,54.13,1032,34.4,0.3137388477247698,Strong,1,1
ESAF Small Finance Bank Limited,463.0,173.52,84.37,16.97,73.15,60,19.83,0.3137141391574268,Strong,1,1
Infinite Computer Solutions Limited,189.8,48.44,106.02,11.08,43.22,165,8.09,0.3130417747337549,Strong,1,0
Lovable Lingerie Ltd,93.28,21.87,99.87,20.84,35.21,205,27.56,0.31265096184421864,Strong,1,1
Scoda Tubes Limited,220.0,69.51,113.03,19.4,53.78,140,0.0,0.31038602953064703,Strong,0,0
Birla Shloka Edutech Limited,34.78,0.0,5.45,1.76,1.43,50,-2.0,0.3103214111342023,Strong,0,0
CARE Ratings Ltd,539.98,45.8,110.96,6.18,40.98,750,26.53,0.3090287625893787,Strong,1,1
Prataap Snacks Ltd,481.56,76.89,101.15,8.48,47.39,938,33.26,0.30722986825418125,Strong,1,1
Transrail Lighting Limited,838.91,201.06,76.41,22.07,80.8,432,35.45,0.3071659344986263,Strong,1,1
Bedmutha Industries Ltd,91.8,0.67,29.19,8.51,7.69,102,12.16,0.3068939778106088,Strong,1,0
Senco Gold Limited,405.0,180.94,64.99,15.46,73.35,317,35.96,0.3063339523529085,Strong,1,1
Music Broadcast Ltd,488.53,39.78,109.13,9.85,39.67,333,26.13,0.3062771547631452,Strong,1,1
Azad Engineering Limited,740.0,179.66,87.61,23.79,80.65,524,35.5,0.3062317923825388,Strong,1,1
Laxmi Dental Limited,698.06,110.38,147.95,76.24,114.42,428,23.36,0.3056252464683723,Strong,1,1
CSB Bank Ltd,409.68,62.18,164.68,44.53,86.93,195,41.03,0.3054164746554467,Strong,1,1
Va Tech Wabag Ltd,472.59,36.13,100.98,8.55,36.22,1310,26.34,0.3047639297779761,Strong,1,1
Happy Forgings Limited,1008.59,220.48,62.17,15.09,82.04,850,17.79,0.30452359232310805,Strong,1,1
Dam Capital Advisors Limited,840.25,166.33,98.62,27.13,82.08,283,38.83,0.30416923533611495,Strong,1,1
Pradip Overseas Limited,116.6,8.57,45.35,10.53,14.08,110,9.09,0.3038265675817984,Strong,1,0
Polycab India Ltd,1345.26,92.44,110.42,4.65,51.96,538,17.66,0.30341402799317596,Strong,1,1
ESL Steel Ltd,248.07,5.86,28.58,6.19,8.23,11,12.27,0.3027851955091003,Strong,1,0
CP Capital Ltd,115.0,47.45,101.93,31.74,47.39,310,48.71,0.3021982704891474,Strong,1,1
Clean Science and Technology Limited,1546.62,70.31,110.28,5.71,46.57,900,98.27,0.29769159032224324,Strong,1,1
Electronics Mart India,500.0,169.54,63.59,19.72,71.93,59,51.53,0.2973296733361712,Strong,1,1
Olympic Cards Ltd,24.75,0.0,3.44,1.36,0.99,30,-0.17,0.2969502335152481,Strong,0,0
Krystal Integrated Services Ltd ,300.12,7.33,43.91,3.32,13.21,715,11.19,0.29682427089778407,Strong,1,0
Abans Financial Services Limited,345.6,4.1,1.48,0.4,1.1,270,0.0,0.2967008618336895,Strong,0,0
IKIO Technologies Limited (formerly IKIO Lighting Limited),606.5,163.58,63.35,13.86,66.3,285,37.19,0.29647441389587936,Strong,1,1
Udayshivakumar Infosolutions Limited,66.0,40.47,60.42,14.1,30.63,35,0.0,0.29637598563794804,Strong,0,0
Anupam Rasayan India Limited,760.0,65.74,97.42,10.77,44.06,555,-3.66,0.29578053963657014,Strong,0,0
Computer Age Management Services Ltd,2242.11,73.18,111.85,5.55,46.99,1230,23.41,0.29519672955227144,Strong,1,1
Eros International Media Ltd,350.0,25.79,73.4,11.95,26.51,175,21.91,0.2950017281480416,Strong,1,1
MOIL Ltd,1237.51,49.16,143.3,32.86,56.43,375,46.93,0.2933738923645135,Strong,1,1
Bajaj Consumer Care Limited,297.0,20.19,53.49,6.62,19.29,660,10.61,0.29328560935607306,Strong,1,0
Tecpro Systems Ltd,267.91,27.99,62.48,9.07,24.47,355,12.51,0.2928151376075452,Strong,1,0
One Mobikwik Systems Limited,572.0,119.5,108.95,134.67,119.38,279,58.51,0.29268871732570756,Strong,1,1
Crizac Limited,860.0,134.35,76.15,10.24,59.82,245,14.29,0.29252691649882034,Strong,1,0
Rashi Peripherals Limited,600.0,143.66,62.75,10.44,59.71,311,7.72,0.2923214056234522,Strong,1,0
Shankara Building Products Ltd,345.0,51.62,90.68,15.35,41.88,460,18.48,0.2921984798593736,Strong,1,1
MedPlus Health Services Limited,1398.3,111.9,85.33,5.24,52.59,796,27.51,0.2913238458946659,Strong,1,1
SBFC Finance Limited,1025.0,192.9,49.09,10.99,70.16,57,43.84,0.29114377440479217,Strong,1,1
Tata Technologies Limited,3042.51,203.41,62.11,16.5,69.43,500,139.99,0.29012818035005833,Strong,1,1
Alivus Life Sciences Limited,1513.6,36.97,122.54,14.63,44.17,720,4.32,0.28968647119180424,Strong,1,0
Ecos (India) Mobility & Hospitality Limited,601.2,136.85,71.23,19.79,64.26,334,17.16,0.2891027009950863,Strong,1,1
PNB Housing Finance Ltd,3000.0,37.33,86.17,1.35,29.55,775,11.35,0.2886543910988214,Strong,1,0
Supriya Lifescience Limited,700.0,31.83,161.22,56.01,71.51,274,55.11,0.2870239694918142,Strong,1,1
Dodla Dairy Limited,520.18,84.88,73.26,11.33,45.61,428,23.36,0.2863765609154203,Strong,1,1
Premier Energies Limited,2830.4,216.67,50.04,7.69,74.38,450,120.22,0.2861965261168178,Strong,1,1
Jupiter Life Line Limited,869.08,187.32,34.75,7.73,63.72,735,30.61,0.28608102696928006,Strong,1,1
Vascon Engineers Limited,178.2,1.12,3.65,0.62,1.22,165,3.03,0.28584574253517403,Strong,1,0
Quick Heal Technologies Ltd,451.25,4.34,36.69,3.82,10.8,321,-5.0,0.2857806867356005,Strong,0,0
Equitas Holdings Ltd,2176.69,14.93,57.29,1.4,17.21,110,30.91,0.2857740447089274,Strong,1,1
Sri Lotus Developers & Realty Ltd,792.0,163.9,57.71,20.28,69.14,150,19.4,0.2857468317725463,Strong,1,1
Valiant Laboratories Limited,152.46,20.83,73.64,16.06,29.76,140,15.0,0.2855109446420917,Strong,1,0
Syncom Healthcare Limited,56.25,0.99,16.6,6.25,5.17,75,17.33,0.28540688181209767,Strong,1,1
Emcure Pharmaceuticals Limited,1952.03,195.83,48.32,7.21,67.87,1008,31.45,0.28538468458724564,Strong,1,1
Dr Lal Pathlabs Ltd,631.91,63.56,61.28,4.24,33.41,550,30.36,0.28410816380174664,Strong,1,1
Jubilant Foodworks Limited,328.72,59.39,51.95,3.79,31.11,145,11.45,0.2831637446880755,Strong,1,0
Innova Captab Limited,570.0,116.73,64.95,17.15,55.26,448,1.81,0.28283044723665846,Strong,1,0
Talwalkars Better Value Fitness Limited,77.44,35.43,51.48,8.43,28.39,128,7.81,0.2827638610056339,Strong,1,0
Waaree Energies Limited,4321.44,208.63,62.49,10.79,76.34,1503,69.66,0.282719953755954,Strong,1,1
Hathway Cable & Datacom Limited,666.0,1.43,4.29,0.28,1.36,240,2.5,0.28251550981421103,Strong,1,0
Utkarsh Small Finance Bank Limited,500.0,124.85,81.64,72.11,101.91,25,59.8,0.281849408353673,Strong,1,1
Bansal Wire Industries Limited,745.0,146.05,51.46,13.64,59.57,256,37.52,0.28117329394251805,Strong,1,1
Ideaforge Technologies Limited,567.25,125.81,80.58,85.2,106.06,672,94.21,0.28033234253723294,Strong,1,1
Global Surfaces Limited,154.98,8.95,33.1,5.12,12.21,140,16.43,0.28013434051211256,Strong,1,1
Gandhar Oil Refineries Limited,500.69,129.0,62.23,28.95,64.07,169,74.79,0.2795083528691524,Strong,1,1
Sastasundar Ventures Ltd,147.5,5.91,35.88,11.04,12.2,118,14.49,0.2791891614050779,Moderate,1,0
Ravikumar Distilleries Ltd,73.6,0.15,7.31,3.01,2.22,64,0.0,0.2768785094428126,Moderate,0,0
Bajaj Housing Finance Limited,6560.0,209.36,41.51,7.04,63.61,70,114.29,0.27505795190988996,Moderate,1,1
ASK Automotive Limited,833.91,142.41,35.47,5.7,51.14,282,8.12,0.27499361192150346,Moderate,1,0
Goenka Diamond & Jewellery Limited,126.51,0.78,3.0,0.66,1.07,135,-3.7,0.2737736390309365,Moderate,0,0
P N Gadgil Jewellers Limited,1100.0,136.85,56.08,16.58,59.4,480,73.75,0.2737388574257536,Moderate,1,1
Shree Ganesh Jewellery House (I) Limited,371.02,1.38,6.13,1.39,1.96,260,-0.44,0.27366151546314366,Moderate,0,0
Baazar Style Retail Limited,834.68,81.83,59.43,9.12,40.66,389,0.0,0.27289643318150897,Moderate,0,0
Senores Pharmaceuticals Limited,582.11,94.66,96.11,89.23,93.41,391,51.84,0.27212575350417934,Moderate,1,1
Inox India Limited,1459.32,147.8,53.2,15.3,61.28,660,41.39,0.27211721354073315,Moderate,1,1
A2Z Infra Engineering Ltd,776.25,0.68,3.12,0.33,0.96,400,-2.5,0.2713004864362331,Moderate,0,0
Credo Brands Marketing Limited,549.78,104.95,55.52,19.94,51.85,280,0.71,0.27086027419291325,Moderate,1,0
Anthem Biosciences Limited,3395.0,182.65,42.36,5.64,63.86,570,26.86,0.27013818435610587,Moderate,1,1
Railtel Corporation of India Limited,819.24,65.14,73.25,16.78,42.39,94,11.28,0.2697381598983495,Moderate,1,0
AGS Transact Technologies Limited,680.0,2.68,25.61,3.08,7.79,175,0.57,0.2690265888536228,Moderate,1,0
Indogulf Cropsciences Limited,200.0,33.26,48.39,14.78,25.98,111,0.0,0.2681158726834751,Moderate,0,0
Muthoot Finance Ltd,901.25,25.01,60.94,8.5,24.55,175,2.86,0.26807442104525686,Moderate,1,0
Aditya Infotech Ltd,1300.0,133.21,72.0,50.87,100.69,675,50.81,0.2679754777781238,Moderate,1,1
IRM Energy Limited,544.36,44.73,48.34,9.29,27.05,505,-5.15,0.2665119477754553,Moderate,0,0
Fine Organic Industries Ltd,600.17,12.86,21.01,1.62,8.99,783,4.09,0.2660022802969876,Moderate,1,0
PC Jeweller Ltd,601.31,7.33,18.12,1.68,6.85,135,0.37,0.2654042604461312,Moderate,1,0
Inox Wind Ltd,1020.53,35.68,35.38,2.15,18.6,325,23.08,0.26540393140747964,Moderate,1,1
HPL Electric & Power Ltd,361.0,5.77,22.2,3.31,8.06,202,-5.92,0.26533488237319774,Moderate,0,0
Sanathan Textiles Limited,550.0,75.62,42.21,8.93,35.12,321,30.56,0.26493760426020035,Moderate,1,1
Xelpmoc Design and Technologies Ltd,23.0,1.24,7.69,2.64,3.25,66,-15.15,0.26458626590677903,Moderate,0,0
Servalakshmi Paper Ltd,60.0,0.34,4.21,1.9,1.47,29,3.45,0.26437145019957065,Moderate,1,0
Flair Writing Instruments Limited,593.0,115.6,33.37,13.01,46.68,304,65.46,0.2637880376068671,Moderate,1,1
Krsnaa Diagnostics Limited,1213.34,49.83,116.3,42.04,64.4,954,7.44,0.26248169058686627,Moderate,1,0
Yatharth Hospital & Trauma Care Services Limited,686.55,85.1,37.22,8.34,36.16,300,1.33,0.26178923872199533,Moderate,1,0
Tirupati Inks Limited,51.5,1.78,23.18,12.59,8.77,43,25.47,0.2613884524361329,Moderate,1,1
Punjab & Sind Bank,480.0,49.8,85.84,44.45,50.75,120,21.75,0.2608693594435157,Moderate,1,1
Oswal Pumps Limited,1387.34,88.08,36.7,3.6,34.42,614,2.93,0.26007266805409657,Moderate,1,0
BS Ltd,190.45,0.52,3.16,1.04,1.1,248,1.21,0.2596139437379368,Moderate,1,0
Dharmaj Crop Guard Limited,251.09,48.21,52.29,21.53,35.49,237,12.24,0.25861493302898764,Moderate,1,0
Sudar Industries Ltd,69.98,0.17,4.47,2.28,1.55,77,-3.9,0.25749704075974317,Moderate,0,0
Rishabh Instruments Limited,490.78,72.54,31.29,8.44,31.65,441,4.31,0.2572497150204567,Moderate,1,0
Belrise Industries Limited,2150.0,108.35,38.33,4.27,41.3,90,9.44,0.25681310792249545,Moderate,1,0
India Pesticides Limited,800.0,42.95,51.88,11.3,29.04,296,21.62,0.25662301802919574,Moderate,1,1
Tarapur Transformers Limited,63.75,0.03,5.08,2.74,1.74,75,0.0,0.256608639818279,Moderate,0,0
Doms Industries Limited,1200.0,115.97,66.51,69.67,93.52,790,77.22,0.25630480183304705,Moderate,1,1
Kaynes Technology India Limited,857.82,98.47,21.21,4.1,34.16,587,32.03,0.25623503663859426,Moderate,1,1
FSN E Commerce Ventures Limited (Nykaa),5349.72,91.18,112.02,12.24,81.78,1125,77.87,0.2551272939886115,Moderate,1,1
Sambhv Steel Tubes Limited,540.0,62.32,31.82,7.99,28.46,82,34.27,0.2550474550075213,Moderate,1,1
Shri Aster Silicates Limited,53.1,0.01,12.46,7.41,4.47,118,8.22,0.2544352868074728,Moderate,1,0
AWL Agri Business Limited (formerly Adani Wilmar Limited),3600.0,5.73,56.3,3.92,17.37,230,-3.91,0.25435997734071414,Moderate,0,0
Vaswani Industries Ltd,49.0,0.16,11.29,6.83,4.16,49,-31.73,0.25305397048349476,Moderate,0,0
Protean eGov Technologies Limited,489.95,46.94,31.62,8.93,23.86,792,0.0,0.2529340782182452,Moderate,0,0
Smartworks Coworking Limited,582.56,24.41,22.78,3.53,13.45,407,7.15,0.25279595777772856,Moderate,1,0
J.G.Chemicals Ltd ,251.19,32.09,46.33,17.44,27.78,221,-4.52,0.2524426838076001,Moderate,0,0
Aptus Value Housing Finance India Limited,2780.05,32.41,33.91,1.35,17.2,353,-6.53,0.25219413946642294,Moderate,0,0
Home First Finance Company India Limited,1153.72,52.53,39.0,6.59,26.66,518,18.18,0.2516804898145447,Moderate,1,1
Jana Small Finance Bank Limited,570.0,38.75,25.05,5.46,18.5,414,-4.35,0.2516035482548528,Moderate,0,0
CarTrade Tech Limited,2998.51,35.45,41.0,2.75,20.29,1618,-1.11,0.2515101175446277,Moderate,0,0
Deepak Builders & Engineers India Limited,260.04,13.91,82.47,39.79,41.54,203,-2.22,0.25043606563687293,Moderate,0,0
Patanjali Foods Limited (formerly Ruchi Soya Industries Limited),4300.0,2.2,11.75,0.9,3.6,650,30.77,0.24791057227134794,Moderate,1,1
Cello World Limited,1900.0,108.57,24.42,3.06,38.9,648,28.24,0.24750100866421268,Moderate,1,1
Ellenbarrie Industrial Gases Limited,852.53,64.23,15.21,2.14,22.19,400,23.0,0.2472447532439799,Moderate,1,1
Allied Blenders and Distillers Limited,1500.0,50.37,32.4,4.51,23.55,281,13.2,0.24680776395872714,Moderate,1,0
GB Global Limited,107.9,7.97,10.52,2.81,6.32,130,2.08,0.24644190468681004,Moderate,1,0
MT Educare Ltd,99.0,6.01,8.0,2.17,4.8,80,7.56,0.245742908585259,Moderate,1,0
Epack Durable Limited,640.05,25.5,28.1,6.29,16.37,230,-2.17,0.24561109033649284,Moderate,0,0
India Shelter Finance Limited,1200.0,89.7,28.51,9.95,36.71,493,24.28,0.2450246038827935,Moderate,1,1
MBL Infrastructure Limited,102.6,3.35,2.65,0.4,1.97,180,5.56,0.24447920301699266,Moderate,1,0
Prakash Steelage Limited,68.75,1.27,10.91,6.62,4.53,110,7.77,0.24391433148236305,Moderate,1,0
ICICI Prudential Life Insurance Company Ltd,6056.79,11.83,28.55,1.42,10.48,334,-1.5,0.2434189612208424,Moderate,0,0
Uniparts India Limited,835.61,67.14,17.86,4.63,25.32,577,-0.35,0.2425550272057202,Moderate,0,0
United Bank of India,324.98,47.08,39.15,9.8,33.38,66,16.67,0.24253338536046337,Moderate,1,1
Indian Renewable Energy Development Agency Limited (IREDA),2150.21,104.57,24.16,7.73,38.8,32,56.25,0.24100237175225447,Moderate,1,1
National Securities Depository Ltd (NSDL),4011.6,103.97,34.98,7.73,41.01,800,10.0,0.24018517109826193,Moderate,1,0
SBI Cards & Payment Services Ltd,10340.8,57.18,45.23,2.5,26.54,755,-12.85,0.24000653783844617,Moderate,0,0
Cyient DLM Limited,592.0,90.44,45.05,49.22,67.31,265,51.32,0.23993313507089464,Moderate,1,1
Pennar Engineered Building Systems Ltd,156.19,2.2,1.44,0.41,1.15,178,-15.73,0.23939560285191167,Moderate,0,0
Blue Jet Healthcare Limited,840.27,13.72,13.59,2.24,7.95,346,4.02,0.2391737566816342,Moderate,1,0
IL&FS Transportation Networks Limited,700.0,52.61,39.39,4.56,33.42,258,11.24,0.23910184261434364,Moderate,1,0
Intrasoft Technologies Limited,53.65,21.97,21.6,13.51,18.95,145,-3.45,0.23839798378873361,Moderate,0,0
RPP Infra Projects Ltd,48.75,0.16,7.27,5.6,2.97,75,0.0,0.23741427604571252,Moderate,0,0
DCX Systems Ltd,500.0,84.32,43.97,61.77,69.79,207,38.29,0.23700572696348687,Moderate,1,1
GPT Healthcare Ltd ,525.14,17.3,11.02,2.44,8.52,186,16.21,0.23692037819484243,Moderate,1,1
Bikaji Foods International Limited,880.85,80.63,7.1,4.77,26.67,300,7.05,0.2350482100290155,Moderate,1,0
D B Corp Limited,384.22,68.52,26.17,3.42,39.54,212,17.92,0.2350273137398325,Moderate,1,1
Concord Biotech Limited,1550.52,67.67,16.99,3.78,24.87,741,21.46,0.23494391540924067,Moderate,1,1
Apeejay Surrendra Group (conglomerate),920.0,75.14,52.41,30.35,59.66,155,20.65,0.23454972809355126,Moderate,1,1
Aqua Logistics Limited,150.0,0.26,5.07,3.0,1.94,220,-0.27,0.234289881136331,Moderate,0,0
Keystone Realtors Limited,635.0,3.84,3.03,0.53,2.01,541,2.59,0.23361401770321477,Moderate,1,0
Sandhar Technologies Ltd,512.48,14.49,6.39,1.42,6.19,332,3.92,0.23349958894189968,Moderate,1,0
Sheela Foam Ltd,510.0,14.51,3.35,0.44,5.09,730,17.81,0.2333830597125965,Moderate,1,1
Rategain Travel Technologies Limited,1335.74,8.42,42.04,8.08,17.41,425,-14.16,0.23167563732190566,Moderate,0,0
Medi Assist Healthcare Services Limited,1171.58,40.14,14.85,3.19,16.25,418,11.24,0.23166469320298702,Moderate,1,0
Anand Rathi Wealth Limited,659.38,2.5,25.42,7.76,9.78,550,9.46,0.23166428149861087,Moderate,1,0
Radiant Cash Management Services Limited,256.64,1.01,0.66,0.21,0.53,94,5.64,0.23080209665934895,Moderate,1,0
Pyramid Technoplast Limited,153.05,9.94,32.24,14.72,18.29,166,11.45,0.2307899290220876,Moderate,1,0
Vishwaraj Sugar Industries Ltd,60.0,1.0,1.76,0.64,1.12,60,2.0,0.2304838967857036,Moderate,1,0
Manoj Vaibhav Gems,270.2,1.06,5.18,1.66,2.25,215,0.0,0.2298273619922669,Moderate,0,0
R R Kabel Limited,1964.01,52.26,13.23,2.13,18.69,1035,13.91,0.22914416850120609,Moderate,1,0
Madhyam Agrivet Industries Ltd,362.57,0.88,1.42,0.34,0.77,115,0.0,0.22799518076280062,Moderate,0,0
Ceigall India Limited,1252.66,31.5,14.42,3.77,13.78,401,2.99,0.2273686491957635,Moderate,1,0
TCNS Clothing Co. Ltd,1125.13,13.47,5.08,0.67,5.27,716,-0.14,0.2265083529810803,Moderate,0,0
Future Supply Chain Solutions Ltd,649.7,12.36,11.15,3.28,7.56,664,1.51,0.2265056745213972,Moderate,1,0
Tribhovandas Bhimji Zaveri Ltd,200.0,1.29,1.91,0.68,1.15,120,-4.17,0.22588972419919903,Moderate,0,0
Western Carriers Limited,492.88,27.99,44.71,25.95,30.57,172,-1.16,0.22562294251526654,Moderate,0,0
Concord Enviro Systems Limited,500.33,17.32,14.2,5.56,10.67,701,18.69,0.22538899893942346,Moderate,1,1
Akums Drugs and Pharmaceuticals Limited,1856.74,90.09,42.21,21.3,63.56,679,6.77,0.22538314048517125,Moderate,1,0
Dreamfolks Services,562.1,70.53,37.66,43.66,56.68,326,54.91,0.22519838624978594,Moderate,1,1
Suraj Estate Developers Limited,400.0,24.31,18.9,9.3,15.65,360,-4.5,0.22482281833113382,Moderate,0,0
Dr. Datsons Labs Ltd,117.0,0.14,2.65,1.84,1.11,234,-1.94,0.22469152555989014,Moderate,0,0
Kross Limited,500.0,23.32,22.24,10.76,16.81,240,0.0,0.22227579511524265,Moderate,0,0
Ashoka Buildcon Ltd,225.0,25.52,13.91,3.46,15.94,324,2.95,0.22178439676827244,Moderate,1,0
Just Dial Ltd,919.14,10.12,22.34,3.53,11.63,530,11.32,0.22173426177735409,Moderate,1,0
Bharat Wire Ropes Ltd,70.0,1.01,2.02,2.08,1.21,45,5.22,0.22158281281076828,Moderate,1,0
Flexituff Ventures International Ltd,104.63,0.51,2.35,1.6,1.17,155,0.0,0.2212516758254173,Moderate,0,0
Power Grid Corporation of India Ltd,6958.64,115.9,40.34,6.77,64.82,90,7.89,0.22100003642064506,Moderate,1,0
HMA Agro Industries Limited,480.0,1.74,2.97,0.96,1.62,585,5.13,0.22072595181384375,Moderate,1,0
Paradeep Phosphates Limited,1501.73,3.01,0.32,0.8,0.83,42,3.69,0.22036012624156456,Moderate,1,0
Sah Polymers Limited,66.3,2.4,32.69,39.78,17.46,65,30.77,0.22034831006623884,Moderate,1,1
Narayana Hrudayalaya Ltd,613.08,24.43,3.62,1.89,8.7,250,16.4,0.22027686118581333,Moderate,1,1
Power Grid Corporation of India Ltd,7442.34,115.9,40.34,6.77,64.82,90,5.56,0.22004788951475956,Moderate,1,0
Chalet Hotels Ltd,1641.18,4.66,1.1,0.03,1.57,280,3.93,0.21984275374608686,Moderate,1,0
Bandhan Bank Ltd,4473.02,38.67,13.89,1.2,14.63,375,29.33,0.21974735511597876,Moderate,1,1
PNC Infratech Ltd,488.44,4.51,0.65,0.28,1.56,378,0.79,0.21910852073229076,Moderate,1,0
Galaxy Surfactants Ltd,937.09,54.27,6.96,6.01,20.0,1480,2.7,0.21904393794049473,Moderate,1,0
Speciality Restaurants Ltd,176.09,4.68,2.19,0.55,2.54,150,2.0,0.21889794218830955,Moderate,1,0
Tolins Tyres Limited,230.0,25.42,27.41,21.52,23.89,226,0.44,0.21870178544760704,Moderate,1,0
Gopal Snacks Ltd,650.0,17.5,9.5,4.01,9.02,401,-12.72,0.21824095237235996,Moderate,0,0
Landmark Cars Limited,552.0,8.71,1.32,0.59,3.06,506,-6.86,0.21801529658322533,Moderate,0,0
GTPL Hathway Ltd,484.8,1.48,2.85,0.99,1.53,170,0.0,0.21769513230376808,Moderate,0,0
Ethos Limited,402.26,1.06,0.76,0.32,0.61,878,-5.47,0.21756720150657713,Moderate,0,0
Shree Pushkar Chemicals Ltd,70.0,0.97,2.09,1.54,1.34,65,-7.69,0.21721543924454356,Moderate,0,0
Shilpi Cable Technologies Ltd,55.88,1.04,6.39,5.74,3.48,69,13.55,0.21692564046720098,Moderate,1,0
MSTC Ltd,211.04,0.29,1.71,2.18,0.7,120,-7.5,0.2166891998133157,Moderate,0,0
V-Mart Retail Ltd,94.42,1.52,1.39,0.79,1.2,210,2.86,0.21661034987431313,Moderate,1,0
Cantabil Retail India Ltd,105.0,1.71,3.83,2.63,2.35,135,-0.89,0.2164138999744067,Moderate,0,0
Indostar Capital Finance Ltd,1844.0,16.08,6.91,1.48,6.8,572,4.9,0.21618407412153307,Moderate,1,0
S H Kelkar & Company Ltd,508.17,4.68,1.14,0.47,1.84,180,23.33,0.21581170188796417,Moderate,1,1
Vishal Mega Mart Limited,8000.0,80.75,14.25,2.31,27.28,78,41.03,0.21546689256666748,Moderate,1,1
Ajax Engineering Limited,1268.88,14.41,6.46,1.92,6.44,629,-5.72,0.21529442683931566,Moderate,0,0
Spandana Sphoorty Financial Ltd,1189.85,3.11,0.55,0.09,1.05,856,-3.74,0.21445970106508355,Moderate,0,0
HDB Financial Services Limited,12500.0,55.47,9.99,1.41,16.69,740,12.84,0.2143363448976674,Moderate,1,0
Infibeam Avenues Ltd,450.0,0.86,2.23,1.31,1.11,432,6.02,0.21417186163941843,Moderate,1,0
Inventure Growth & Securities Ltd,81.9,0.25,9.49,8.66,4.58,117,1.71,0.21360315628373233,Moderate,1,0
Parabolic Drugs Limited,200.0,1.48,1.2,0.4,1.04,75,1.33,0.21346838187180445,Moderate,1,0
Sai Silks (Kalamandir) Limited,1201.0,12.35,2.47,0.88,4.4,222,3.65,0.21331703051389886,Moderate,1,0
Fusion Finance Ltd,1103.99,8.59,1.38,0.51,2.95,368,-2.04,0.21233849174507285,Moderate,0,0
AcroPetal Technologies Ltd,170.0,1.12,2.0,1.21,1.28,90,44.44,0.21186861617068423,Moderate,1,1
M & B Engineering Ltd,650.0,36.72,38.24,32.55,36.2,385,0.26,0.21105227648922115,Moderate,1,0
Five Star Business Finance Limited,1588.51,1.77,0.61,0.11,0.7,474,-5.07,0.21100431303536835,Moderate,0,0
Global Health Limited,2205.57,28.64,4.02,0.88,9.58,336,18.5,0.21072356229872535,Moderate,1,1
Sai Life Sciences Limited,3042.62,30.93,4.92,1.37,10.26,549,20.22,0.2103482481828193,Moderate,1,1
Stove Kraft Limited,412.63,8.02,32.72,26.04,18.03,385,21.3,0.21023512163492716,Moderate,1,1
Bharat Financial Inclusion Limited,1628.78,20.38,18.26,2.81,13.69,985,5.18,0.20994455064111398,Moderate,1,0
Indiamart Intermesh Ltd,475.59,14.92,15.78,3.03,12.95,973,21.27,0.20883751201738343,Moderate,1,1
Jyoti CNC Automation Limited,1000.0,44.13,36.48,26.17,38.53,331,12.39,0.2085824250542902,Moderate,1,0
R K Swamy Ltd ,423.56,20.58,34.36,34.03,25.94,288,-12.5,0.20791404743354872,Moderate,0,0
EMS Limited,321.25,0.67,29.73,16.62,15.05,211,33.44,0.2070864444887901,Moderate,1,1
Mankind Pharma Limited,4326.36,49.16,3.8,0.92,15.32,1080,20.37,0.20699830070328942,Moderate,1,1
Tara Jewels Ltd,179.5,1.49,3.1,2.05,1.98,230,5.22,0.2069303692883877,Moderate,1,0
Lemon Tree Hotels Ltd,1038.68,3.89,0.12,0.12,1.19,56,10.0,0.2066720532712666,Moderate,1,0
Interglobe Aviation Ltd,3008.5,17.8,3.57,0.92,6.15,765,11.9,0.20662900932094702,Moderate,1,0
Afcons Infrastructure Limited,5430.0,3.79,5.05,0.94,2.63,463,-7.12,0.20660621389107187,Moderate,0,0
Valor Estates Limited,1500.0,4.47,4.25,0.37,2.95,468,-8.12,0.20639681640055446,Moderate,0,0
Dharan Infra EPC Ltd,77.4,1.55,3.44,2.01,2.54,180,-24.44,0.20607240473430233,Moderate,0,0
H.G. Infra Engineering Ltd,462.0,8.37,4.97,3.08,4.98,270,0.0,0.2054387442211208,Moderate,0,0
Likhitha Infrastructure Ltd,61.2,21.99,1.54,23.71,9.51,120,8.42,0.2047548349117,Moderate,1,0
PSP Projects Ltd,211.68,8.38,10.39,6.47,8.58,210,-5.24,0.20468654014285295,Moderate,0,0
Laurus Labs Ltd,1330.51,10.54,3.58,1.67,4.57,428,14.49,0.20379468731064468,Moderate,1,0
Inventurus Knowledge Solutions Limited,2497.92,80.64,23.25,14.55,52.68,1329,39.65,0.20317082501013733,Moderate,1,1
Macrotech Developers Limited (Lodha Group),2500.0,3.05,1.44,0.4,1.36,486,-9.67,0.2031659746851008,Moderate,0,0
Muthoot Microfin Limited,960.0,17.47,13.2,7.61,11.52,291,-4.47,0.20314534189361808,Moderate,0,0
Thangamayil Jewellery Limited,28.75,0.52,1.52,2.26,1.12,75,-6.67,0.2030441808687033,Moderate,0,0
Capital Small Finance Bank Limited,523.07,6.64,4.05,2.49,4.0,468,-7.05,0.20257247168642797,Moderate,0,0
Varroc Engineering Ltd,1954.96,9.16,2.45,0.95,3.59,967,6.72,0.20188452990441333,Moderate,1,0
HDFC Life Insurance Company Ltd,8695.0,16.6,2.29,0.94,4.9,290,7.24,0.20182557062078266,Moderate,1,0
Newgen Software Technologies Ltd,424.62,15.62,5.52,5.18,8.25,245,3.27,0.20156713691594566,Moderate,1,0
Coal India Ltd,15199.4,24.7,25.4,2.31,15.28,245,17.45,0.20095641842542977,Moderate,1,1
PG Electroplast Ltd,120.65,0.98,1.84,1.64,1.34,210,-4.76,0.2001494089963761,Moderate,0,0
Innoventive Industries Ltd,217.41,0.85,1.94,1.48,1.24,117,-5.98,0.19969377897817164,Moderate,0,0
Shemaroo Entertainment Ltd,120.0,5.69,8.64,7.79,7.39,170,5.88,0.19956631795331625,Moderate,1,0
Travel Food Services Limited,2000.0,7.7,1.58,0.69,2.88,1100,2.38,0.19880931053185802,Moderate,1,0
Hindustan Media Ventures Limited,270.0,8.98,3.39,1.0,5.43,166,2.41,0.1979957844796716,Moderate,1,0
Elin Electronics Limited,475.0,4.51,3.29,2.2,3.09,247,-1.62,0.1976749110768211,Moderate,0,0
UFO Moviez India Ltd,600.0,4.49,1.17,1.02,2.04,625,-4.0,0.19730103331511084,Moderate,0,0
Venus Pipes & Tubes Limited,165.42,12.02,6.59,11.12,8.69,326,2.76,0.1962389048457307,Moderate,1,0
Vijaya Diagnostic Centre Limited,1894.26,13.07,1.32,1.09,4.54,531,2.13,0.19605800118449646,Moderate,1,0
LTIMindtree Ltd,1236.38,19.91,10.76,7.39,11.69,710,-6.11,0.19560991861223104,Moderate,0,0
Brooks Laboratories Ltd,63.0,0.0,2.82,3.36,1.6,100,10.0,0.19534199948002623,Moderate,1,0
MEP Infrastructure Developers Ltd,324.0,1.02,1.51,0.97,1.11,63,0.0,0.19489781448394372,Moderate,0,0
Vedant Fashions Limited,3149.19,7.49,1.07,0.39,2.57,866,8.08,0.1948474995462237,Weak,1,0
TD Power Systems Ltd,227.0,6.52,0.38,0.38,2.92,256,-1.72,0.19461399198460005,Weak,0,0
REC Limited,3529.94,39.3,27.12,7.68,27.91,203,13.3,0.19318991162270055,Weak,1,0
CreditAccess Grameen Ltd,1131.19,5.52,0.98,0.88,2.22,422,-8.77,0.193040938819356,Weak,0,0
Claris Lifescience Ltd,300.0,1.31,2.03,1.6,1.5,228,-1.58,0.19284485505157353,Weak,0,0
AAVAS Financiers Ltd,1640.32,2.77,0.26,0.25,0.97,821,-7.67,0.1921973544344887,Weak,0,0
Tata Steel Ltd,3477.0,10.41,7.21,1.6,6.03,610,3.3,0.19216330554917296,Weak,1,0
Signature Global India Limited,730.0,12.71,13.54,6.82,11.88,385,15.58,0.19205540756573597,Weak,1,1
Engineers India Ltd,498.13,23.43,5.85,2.99,13.36,150,-0.07,0.19197485446247978,Weak,0,0
SBI Life Insurance Company Ltd,8386.4,12.56,0.7,0.85,3.58,700,4.76,0.19157770845105837,Weak,1,0
Coffee Day Enterprises Ltd,1150.0,13.72,13.2,5.12,11.52,328,-4.57,0.19089105617094462,Weak,0,0
Prudent Corporate Advisory Services Limited,537.94,1.26,0.74,0.61,0.81,630,4.76,0.1891649178948594,Weak,1,0
Archean Chemical Industries Limited,1462.31,48.91,14.9,9.96,32.23,407,10.32,0.18910352898835553,Weak,1,0
Dr Agarwal's Healthcare Limited,3027.26,4.64,0.4,0.41,1.55,402,-1.27,0.18846840499842196,Weak,0,0
Varun Beverages Ltd,1112.5,4.94,0.42,0.82,1.86,445,-3.37,0.188013219034704,Weak,0,0
Antony Waste Handling Cell Ltd,299.99,0.89,0.26,0.37,0.49,315,36.51,0.18763744525285214,Weak,1,1
Navkar Corporation Ltd,600.0,6.47,0.9,1.62,2.85,155,-1.94,0.18750334987630055,Weak,0,0
S P Apparels Ltd,239.12,1.0,0.45,0.54,0.66,268,13.81,0.18721444602455029,Weak,1,0
Repco Home Finance Ltd,270.23,3.39,0.35,0.51,1.65,172,-4.07,0.1869906719165369,Weak,0,0
Taksheel Solutions Ltd,82.5,0.24,4.7,6.18,2.99,150,4.93,0.18690144805997405,Weak,1,0
Parag Milk Foods Ltd,750.54,1.15,3.08,2.12,1.83,215,0.33,0.18685942245713727,Weak,1,0
Windlas Biotech Limited,401.54,24.4,15.73,24.27,22.47,460,-4.57,0.18682344686547978,Weak,0,0
Ventive Hospitality Limited,1600.0,9.08,13.85,5.87,9.8,643,11.69,0.1867540405138097,Weak,1,0
S.J.S Enterprises Limited,800.0,1.42,2.32,1.38,1.59,542,-0.37,0.18657229789490784,Weak,0,0
Suraksha Diagnostic Limited,846.25,1.74,1.41,0.95,1.27,441,-0.91,0.18630645091815554,Weak,0,0
Satchmo Holdings Limited,405.0,2.54,0.22,0.16,1.16,54,-7.41,0.18585433980676347,Weak,0,0
Orient Green Power Company Ltd,900.0,2.09,0.64,0.18,1.07,47,-2.77,0.18573413523060367,Weak,0,0
Zaggle Prepaid Ocean Limited,563.38,16.73,8.85,5.94,12.57,164,-1.22,0.18533112003295713,Weak,0,0
JSW Infrastructure Limited,2800.0,57.09,15.99,10.32,37.37,119,20.17,0.18437318184502227,Weak,1,1
Capital Infra Trust,1578.0,0.58,4.24,0.0,2.23,99,0.0,0.1840293049623252,Weak,0,0
Eternal Limited,9375.0,51.79,32.96,7.45,38.25,76,51.32,0.18384595497618123,Weak,1,1
Standard Chartered (India) Limited,2486.35,4.15,1.9,0.25,2.2,104,0.96,0.18356587467169388,Weak,1,0
BF Industrial & Technologies Ltd,36.9,0.0,1.82,2.93,1.3,85,0.0,0.18352537037485617,Weak,0,0
International Gemmological Institute (India) Limited,4225.0,45.8,24.84,11.21,33.78,417,21.07,0.18312031284210167,Weak,1,1
Aditya Birla Sun Life AMC Limited,2768.26,10.36,4.39,3.24,5.24,712,0.0,0.1830473287077073,Weak,0,0
Gland Pharma Ltd,6479.55,6.4,0.51,0.24,2.06,1500,13.4,0.18295697701063698,Weak,1,0
NBCC (India) Ltd,124.97,7.07,1.7,3.4,4.93,106,-5.66,0.18274528626399292,Weak,0,0
Jupiter Wagons Ltd,172.41,3.68,0.34,0.38,2.07,127,-3.31,0.18271987441656334,Weak,0,0
Engineers India Limited,959.35,23.43,5.85,2.99,13.36,290,8.62,0.18270120038338206,Weak,1,0
Hexaware Technologies Limited,8750.0,9.09,0.2,0.11,2.66,708,3.25,0.1825504495618492,Weak,1,0
C Mahendra Exports Ltd,165.0,1.02,3.92,4.82,2.78,110,0.91,0.18196477965382912,Weak,1,0
Apex Frozen Foods Ltd,152.25,1.91,7.82,8.53,6.14,175,14.23,0.1809594260833728,Weak,1,0
Ujaas Energy Ltd,93.0,1.03,1.56,2.35,1.57,186,-3.23,0.1806516401857512,Weak,0,0
Vodafone Idea Ltd ,18000.0,17.56,4.13,0.92,6.36,11,9.09,0.1801920205250979,Weak,1,0
RBZ Jewellers Limited,100.0,13.43,9.27,24.74,16.86,100,0.0,0.17964507000793448,Weak,0,0
Stanley Lifestyles Limited,537.02,0.74,8.86,6.11,5.22,369,35.23,0.1786343384006592,Weak,1,1
Garden Reach Shipbuilders & Engineers Ltd,343.59,1.81,0.31,0.24,1.02,118,-11.86,0.1781124505753881,Weak,0,0
Sula Vineyards Limited,960.35,4.13,1.51,1.65,2.33,357,0.28,0.17771395325932782,Weak,1,0
Oberoi Realty Ltd,1028.61,22.15,3.61,0.94,12.13,260,7.69,0.1773437669987733,Weak,1,0
VKS Projects Ltd,55.0,1.15,0.38,1.13,1.03,55,1.45,0.17661185671088742,Weak,1,0
Sadbhav Infrastructure Project Ltd,491.66,3.04,1.66,1.68,2.24,103,7.52,0.1765943324464858,Weak,1,0
Setubandhan Infrastructure Ltd,60.0,0.31,2.76,4.68,2.21,138,5.07,0.17649326651286987,Weak,1,0
Monte Carlo Fashions Ltd,350.43,13.96,1.71,6.96,7.83,645,-9.3,0.17582604838177732,Weak,0,0
Ramky Infrastructure Ltd,530.0,4.52,1.45,0.99,2.89,450,0.0,0.17528580164203356,Weak,0,0
Carraro India Limited,1250.0,2.21,0.6,0.71,1.12,704,-6.25,0.17492487062987366,Weak,0,0
CL Educate Ltd,238.95,3.65,0.21,1.63,1.9,502,-20.72,0.1747645768126233,Weak,0,0
L&T Technology Services Ltd,894.4,5.01,1.03,1.75,2.53,860,4.65,0.17468563607025883,Weak,1,0
Prince Pipes and Fittings Ltd,500.0,3.54,1.21,1.89,2.21,178,-10.11,0.17467249011518626,Weak,0,0
Tracxn Technologies,309.38,1.66,0.23,2.39,0.71,80,3.75,0.17405779686901762,Weak,1,0
Onelife Capital Advisors Ltd,36.85,1.02,0.93,2.5,1.53,110,4.55,0.1739606933931186,Weak,1,0
Mahindra Logistics Ltd,828.88,15.6,2.07,6.1,7.9,429,0.7,0.17359525682627705,Weak,1,0
ICICI Lombard General Insurance Company Ltd,5700.94,8.17,0.83,1.23,2.98,661,-1.66,0.17189576193877262,Weak,0,0
Bharti Hexacom Ltd ,4275.0,48.57,10.52,2.83,29.88,570,32.49,0.1716243302886196,Weak,1,1
Mindspace Business Parks REIT,4500.0,13.72,13.2,5.12,11.52,275,10.55,0.1715671161421607,Weak,1,0
Godrej Properties Limited,468.85,7.45,0.41,0.38,4.0,490,4.08,0.17139101113017702,Weak,1,0
Midvalley Entertainment & Hospitality Ltd,60.0,0.35,4.68,9.01,4.03,70,4.29,0.17131297502909046,Weak,1,0
Omkar Speciality Chemicals Ltd,79.38,0.82,5.27,9.9,4.67,98,-3.06,0.17059279286484216,Weak,0,0
Tree House Education & Accessories Ltd,112.06,1.02,1.68,2.76,1.85,135,-1.63,0.17051722620388443,Weak,0,0
Popular Vehicles & Services Ltd ,601.55,1.97,0.66,1.05,1.23,295,-1.02,0.17048095218578913,Weak,0,0
Laxmi India Finance Ltd,254.26,1.3,1.84,2.22,1.87,158,-13.92,0.17030856041391157,Weak,0,0
Craftsman Automation Limited,823.7,5.21,2.84,3.43,3.81,1490,-9.4,0.17030061706382138,Weak,0,0
Indiqube Spaces Limited,700.0,14.35,8.27,12.9,12.41,237,-7.72,0.1693640764582719,Weak,0,0
eMudhra Ltd,412.79,4.05,1.28,2.61,2.72,256,5.86,0.16933152066941012,Weak,1,0
Brookfield India Real Estate Trust,3800.0,4.78,11.74,0.0,7.94,275,0.02,0.16921257091152575,Weak,1,0
Fedbank Financial Services Limited,1092.26,3.51,1.45,1.82,2.2,140,-1.61,0.16904145983207786,Weak,0,0
Nureca Limited,100.0,3.1,31.59,166.65,39.93,400,58.74,0.1681861663997053,Weak,1,1
Nuvoco Vistas Corporation Limited,5000.0,4.23,0.66,0.73,1.71,570,-17.37,0.16803830734005692,Weak,0,0
Veranda Learning Solutions Limited,200.0,2.02,2.09,5.68,2.24,137,14.6,0.16767723294891174,Weak,1,0
Jaypee Infratech Limited,2257.6,1.77,1.15,0.61,1.24,102,-8.82,0.1676438983274534,Weak,0,0
Ircon International Ltd,466.94,12.29,4.92,10.07,9.9,475,-13.62,0.16734756468636283,Weak,0,0
Indosolar Limited,357.0,1.44,1.3,1.81,1.55,29,2.59,0.16652708429327834,Weak,1,0
Godavari Biorefineries Limited,554.75,2.76,0.9,1.71,1.83,352,-11.78,0.1661181019699144,Weak,0,0
Metropolis Healthcare Ltd,1204.29,8.88,3.03,2.21,5.84,880,9.09,0.16583163865566286,Weak,1,0
Garuda Construction and Engineering Limited,264.1,1.24,9.03,10.81,7.55,95,8.63,0.16538922810263695,Weak,1,0
Equitas Small Finance Bank Ltd,517.6,3.91,0.22,2.08,1.95,33,-6.06,0.1652390963600729,Weak,0,0
Honasa Consumer Limited (Mamaearth),1701.44,11.5,4.02,1.35,7.61,324,0.0,0.16463767557619285,Weak,0,0
IndiGrid Infrastructure Fund,2249.96,1.14,1.6,0.0,1.35,100,0.0,0.16385734765203713,Weak,0,0
Indus Infra Trust ,2499.99,8.92,6.93,0.0,8.01,100,1.0,0.163443876782088,Weak,1,0
Sterling and Wilson Solar Ltd,2849.64,1.02,0.89,0.3,0.85,780,-10.26,0.16287268679012784,Weak,0,0
SJVN Limited,1062.51,9.03,3.39,3.12,6.64,26,7.69,0.1616242906631949,Weak,1,0
Divgi Torqtransfer Systems Limited,412.12,7.83,1.4,4.31,5.44,590,1.69,0.16153666312723364,Weak,1,0
Quality Power Electronics Limited,858.7,1.03,1.45,1.83,1.29,425,1.66,0.1610140989516294,Weak,1,0
Ortel Communications Ltd,174.71,1.01,0.09,0.39,0.75,181,0.0,0.16093359993497003,Weak,0,0
Exxaro Tiles Limited,160.77,17.67,5.36,40.1,22.68,120,5.0,0.16083626573865667,Weak,1,0
Updater Services Limited,640.0,4.48,0.85,1.39,2.9,300,-0.03,0.16066084930581429,Weak,0,0
PTC India Financial Services Ltd,433.28,2.85,0.22,1.18,1.7,28,0.0,0.15978716729925307,Weak,0,0
Precision Camshafts Ltd,410.19,2.62,0.73,2.01,1.91,186,-12.31,0.1593371091521285,Weak,0,0
Imagicaaworld Entertainment Ltd,374.59,1.17,0.7,1.37,1.11,180,-6.69,0.1591135738333572,Weak,0,0
Prestige Estates Projects Ltd,1200.0,4.32,0.24,0.08,2.26,183,3.83,0.1586333727305439,Weak,1,0
Hariom Pipe Industries Limited,130.05,1.91,2.68,6.92,3.57,153,39.87,0.15831379658761294,Weak,1,1
Arisinfra Solutions Limited,499.6,1.42,3.14,5.59,2.65,222,-5.81,0.1580663642537961,Weak,0,0
VMS Industries Ltd,25.75,0.0,1.11,3.41,1.36,40,9.88,0.15800875643476564,Weak,1,0
Paramount Printpac Ltd,45.83,0.33,3.28,9.31,3.92,35,0.0,0.15789519273009683,Weak,0,0
Aster DM Healthcare Ltd,980.14,2.1,0.55,1.18,1.31,190,-4.16,0.15763600342703438,Weak,0,0
Manpasand Beverages Ltd,400.0,1.98,0.38,1.16,1.4,320,-9.06,0.1571238178888501,Weak,0,0
Mishra Dhatu Nigam Ltd (MIDHANI),435.02,1.96,0.13,0.72,1.21,90,-3.33,0.15696073462491186,Weak,0,0
Healthcare Global Enterprises Ltd,649.64,2.36,0.43,0.83,1.56,218,-3.76,0.15659273166683466,Weak,0,0
Hyundai Motor India Limited,27858.8,6.97,0.6,0.5,2.37,1960,-1.48,0.15624946203657022,Weak,0,0
Timbor Home Ltd,23.25,0.65,3.22,14.22,5.78,63,14.29,0.15589828004949452,Weak,1,0
Samhi Hotels Limited,1370.1,8.82,1.22,1.11,5.33,126,3.61,0.1555102501805681,Weak,1,0
Embassy Office Parks REIT,4750.0,2.15,3.09,0.0,2.57,300,0.0,0.1551367299591041,Weak,0,0
Kridhan Infra Ltd,34.75,0.03,1.37,4.18,1.68,108,6.48,0.15499936346884022,Weak,1,0
Bharatiya Global Infomedia Ltd,55.1,0.0,1.94,5.06,2.06,82,2.44,0.15479964558137035,Weak,1,0
Kalpataru Limited,1590.0,3.12,1.31,1.29,2.26,414,0.02,0.1544684851944622,Weak,1,0
Indus Towers Ltd,4172.76,2.84,0.29,0.19,1.3,220,-9.09,0.15436359634400315,Weak,0,0
PB Fintech,5709.72,24.89,7.82,3.31,16.59,980,17.35,0.15378127994415536,Weak,1,1
Avalon Technologies Limited,865.0,3.57,0.41,0.84,2.21,436,-1.15,0.1537420036949152,Weak,0,0
HP Adhesives Limited,125.96,1.82,19.04,81.24,20.96,274,16.42,0.1531113694355073,Weak,1,1
Brainbees Solutions Limited,4193.73,19.3,4.68,2.31,12.22,465,34.41,0.1520468041918239,Weak,1,1
Shalby Ltd,504.8,4.34,0.42,2.98,2.82,248,-4.44,0.1519012510730996,Weak,0,0
Birla Pacific Medspa Ltd,65.18,1.04,0.17,1.82,1.18,10,1.0,0.15144909609901472,Weak,1,0
Uma Exports Limited,60.0,2.81,0.94,6.28,4.64,68,17.65,0.15099515747165396,Weak,1,1
Kalyan Jewellers India Limited,1174.82,2.76,1.91,2.82,2.61,87,-15.06,0.1508746466695589,Weak,0,0
IRB InvIT Fund,5032.88,10.81,5.89,0.0,8.57,102,1.23,0.15069650152774944,Weak,1,0
Angel One Ltd,600.0,3.07,0.11,1.83,1.81,306,-10.13,0.1500155891338873,Weak,0,0
CMS Info Systems Limited,1100.0,1.98,1.45,2.15,1.95,216,1.16,0.1500013670437248,Weak,1,0
Yes Bank Ltd,15000.0,1.9,0.63,0.47,0.93,12,2.5,0.14995013548263245,Weak,1,0
Powergrid Infrastructure Investment Trust,7734.99,4.63,5.07,0.0,4.83,100,4.0,0.14753470580060296,Weak,1,0
Brigade Hotel Ventures Limited,759.6,5.42,1.92,6.4,4.48,90,-8.89,0.14678047088894264,Weak,0,0
Krishna Institute of Medical Sciences Limited,2143.74,5.26,1.89,2.9,3.86,825,22.29,0.14543896383511926,Weak,1,1
Suryoday Small Finance Bank Limited,580.84,2.18,1.31,3.09,2.37,305,-3.93,0.14515195028091482,Weak,0,0
Shipping Corporation of India Ltd,1164.73,4.19,3.67,6.56,4.92,140,-2.21,0.144783865435275,Weak,0,0
Tamilnad Mercantile,807.84,1.62,2.94,6.48,2.86,510,0.0,0.14363513911467782,Weak,0,0
L&T Finance Holdings Ltd,1245.0,1.93,6.18,9.61,5.34,52,-1.92,0.1431058084174873,Weak,0,0
Salasar Techno Engineering Ltd,35.87,0.0,2.59,19.42,11.01,108,139.95,0.14173860599557286,Weak,1,1
Life Insurance Corporation of India (LIC),20557.2,2.83,1.39,1.14,1.64,949,-8.62,0.14173172219963692,Weak,0,0
Rushil Decor Ltd,40.64,0.23,1.35,6.57,2.62,72,12.85,0.14154673373111573,Weak,1,0
Schloss Bangalore Limited,3500.0,7.46,1.02,0.83,4.5,435,-6.55,0.14153198453217852,Weak,0,0
Barbeque Nation Hospitality Limited,452.87,5.11,3.1,13.13,5.98,500,-1.6,0.1411345781089378,Weak,0,0
Shriram Properties Limited,600.0,1.85,4.82,12.72,4.6,118,-20.34,0.14071247773437878,Weak,0,0
UTI Asset Management Company Ltd,2159.88,3.34,0.93,2.32,2.31,554,-11.51,0.14026621914735976,Weak,0,0
KFin Technologies Limited,1500.0,4.17,0.23,1.36,2.59,366,0.82,0.14025296416664254,Weak,1,0
Aegis Vopak Terminals Limited,2800.0,3.3,0.56,0.77,2.09,235,-6.38,0.1397996935506509,Weak,0,0
Bharat Road Network Ltd,600.65,1.33,1.63,5.69,1.81,205,-0.05,0.13913656022686155,Weak,0,0
Bharat Dynamics Ltd,952.79,1.5,0.5,1.41,1.3,428,-15.89,0.1389125698560267,Weak,0,0
Yatra Online Limited,775.0,2.05,0.42,2.11,1.61,142,-8.45,0.1384842278571547,Weak,0,0
Zinka Logistics Solution Limited (BlackBuck),1114.72,2.76,0.24,1.66,1.86,273,2.22,0.13811370702638287,Weak,1,0
NTPC Limited,8478.75,2.18,0.43,0.16,1.2,201,1.49,0.1379020194554492,Weak,1,0
Sapphire Foods India,2073.25,7.5,3.46,8.7,6.62,1180,11.1,0.13767342596537374,Weak,1,0
RDB Rasayans Ltd,35.55,0.0,0.75,3.96,1.5,79,7.59,0.13724677621952042,Weak,1,0
Indian Energy Exchange Ltd,1000.73,2.56,0.85,2.61,2.28,1650,-9.09,0.1370967517459848,Weak,0,0
JSW Energy Limited,2700.0,2.88,0.15,0.4,1.68,100,2.0,0.13704885344322199,Weak,1,0
Khadim India Ltd,543.06,2.44,0.18,2.33,1.9,750,-3.07,0.13683130206503588,Weak,0,0
Sagility India Limited,2106.4,3.52,1.93,4.16,3.2,30,3.53,0.1366514636896477,Weak,1,0
Power Finance Corporation Ltd,4578.2,6.92,1.2,2.0,4.34,203,-2.66,0.13544173611260119,Weak,0,0
Indian Railway Finance Corporation Limited,4633.38,3.78,2.67,3.66,3.49,26,-3.85,0.1351699113731566,Weak,0,0
Entero Healthcare Solutions Limited,1600.0,2.28,0.22,1.33,1.53,1258,-1.03,0.13377715598424805,Weak,0,0
Rail Vikas Nigam Ltd,477.11,1.36,0.8,2.93,1.83,19,0.0,0.13301450184725963,Weak,0,0
Tejas Networks Ltd,776.69,2.16,0.48,3.1,1.88,257,0.0,0.13126123995638375,Weak,0,0
ERIS Lifesciences Ltd,1741.16,4.68,0.45,3.51,3.29,603,1.49,0.1300883390079017,Weak,1,0
ICICI Securities Ltd,3514.85,1.04,0.36,0.88,0.78,520,-17.1,0.1295877863876453,Weak,0,0
New India Assurance Company Ltd,9466.98,2.34,0.12,0.11,1.19,800,-6.39,0.12943003430530464,Weak,0,0
Ola Electric Mobility Limited,6145.56,5.31,2.4,3.92,4.27,76,-0.01,0.12888533843158545,Weak,0,0
Chemplast Sanmar Limited,3850.0,2.7,1.03,2.29,2.17,541,-2.96,0.1278865867830919,Weak,0,0
ACME Solar Holdings Limited,2900.0,3.54,0.97,3.1,2.75,289,-10.38,0.12751078973951735,Weak,0,0
Hindustan Aeronautics Ltd (HAL),4113.13,1.73,0.03,0.39,0.99,1215,-3.79,0.1273500539306542,Weak,0,0
NMDC Limited,9967.3,2.28,0.22,0.22,1.25,300,-1.43,0.1266958985811696,Weak,0,0
TVS Supply Chain Solutions Limited,880.0,1.35,2.35,7.61,2.78,197,4.72,0.12666713425446552,Weak,1,0
Ather Energy Limited,2980.8,1.7,0.66,1.78,1.43,321,1.57,0.12654352701428365,Weak,1,0
Niva Bupa Health Insurance Company Limited,2200.0,2.06,0.68,2.73,1.8,74,6.08,0.12333482723357227,Weak,1,0
Fineotex Chemical Ltd,29.48,0.0,0.22,4.38,1.57,70,14.29,0.12113750876362736,Weak,1,0
Sona BLW Precision Forgings Limited,5550.0,3.46,0.39,1.57,2.28,291,3.92,0.12076019688172684,Weak,1,0
Swiggy Limited,11327.4,6.02,0.41,1.14,3.59,390,5.64,0.11801019749895836,Weak,1,0
General Insurance Corporation of India Ltd,11175.8,2.25,0.22,0.63,1.38,912,-6.8,0.11523271979458599,Weak,0,0
Indo Thai Securities Ltd,29.6,0.0,0.02,3.35,1.18,74,1.35,0.11426063107841891,Weak,1,0
SIS Ltd,779.58,5.64,1.66,19.51,7.07,815,7.36,0.11411774701080293,Weak,1,0
NTPC Green Energy Limited,10000.0,3.32,0.81,3.44,2.42,108,3.33,0.10928065771108751,Weak,1,0
Star Health and Allied Insurance Company Limited,6400.44,1.03,0.19,1.1,0.79,900,-5.69,0.10710814587054976,Weak,0,0
Inox Green Energy Limited,740.0,1.05,0.47,4.7,1.55,65,-6.92,0.10574326199159406,Weak,0,0
One97 Communications,18300.0,2.79,0.24,1.66,1.89,2150,-9.07,0.09825144044477509,Weak,0,0
Sansera Engineering Limited,1282.52,0.29,0.07,0.87,0.53,744,9.05,0.09552267307977914,Weak,1,0
Fino Payments Bank Limited,1200.29,1.65,0.21,5.92,2.03,577,-5.03,0.0954399588037867,Weak,0,0
Matrimony.com Ltd,496.88,1.88,0.41,18.16,4.44,985,0.0,0.08643187984213249,Weak,0,0
Nexus Select Trust,3200.0,0.0,0.0,0.0,3.61,100,2.27,0.07379700386982468,Weak,1,0
Juniper Hotels Ltd ,1800.0,0.0,0.06,0.52,0.11,360,0.33,0.06535032525596199,Weak,1,0
